<?xml version="1.0" encoding="UTF-8"?>
<project-private xmlns="http://www.netbeans.org/ns/project-private/1">
    <editor-bookmarks xmlns="http://www.netbeans.org/ns/editor-bookmarks/2" lastBookmarkId="0"/>
    <open-files xmlns="http://www.netbeans.org/ns/projectui-open-files/2">
        <group>
            <file>file:/home/debianjuanj/NetBeansProjects/Examen%20U3%20JuanJ/src/Examen_U3_JuanJ_Linux/Interfaz.java</file>
            <file>file:/home/debianjuanj/NetBeansProjects/Examen%20U3%20JuanJ/src/Examen_U3_JuanJ_Linux/Examen_U3_JuanJ_Linux.java</file>
        </group>
    </open-files>
</project-private>
