<?xml version="1.0" encoding="UTF-8"?>
<project-private xmlns="http://www.netbeans.org/ns/project-private/1">
    <editor-bookmarks xmlns="http://www.netbeans.org/ns/editor-bookmarks/2" lastBookmarkId="0"/>
    <open-files xmlns="http://www.netbeans.org/ns/projectui-open-files/2">
        <group>
            <file>file:/C:/Users/CivilJuan/Documents/NetBeansProjects/Laboratorio1y2_U3_JuanJ/src/laboratorio1y2_u3_juanj/Laboratorio1y2_U3_JuanJ.java</file>
            <file>file:/C:/Users/CivilJuan/Documents/NetBeansProjects/Laboratorio1y2_U3_JuanJ/src/laboratorio1y2_u3_juanj/Interfaz.java</file>
        </group>
    </open-files>
</project-private>
